{ "extent": {"x": 25,"y": 18,"z": 11.3404023324686 },"surface": 2722.66338984915,"volume": 280.117686276982 }